X_1002_garhshankar_577_gahshanker_Wheat	8796.0
X_1002_garhshankar_578_gahshanker_Wheat	22500.0
X_1002_garhshankar_579_gahshanker_Wheat	45000.0
X_1002_garhshankar_580_gahshanker_Wheat	3414.0
X_1024_garhshankar_580_gahshanker_Wheat	50306.0
X_1024_garhshankar_581_gahshanker_Wheat	18880.0
X_1029_garhshankar_580_gahshanker_Wheat	5980.0
X_1045_kartarpur_33_vallah_Wheat	26026.0
X_1046_adampur_653_jalandhar_Wheat	30580.5
X_1046_adampur_657_jalandhar_Wheat	63698.0
X_1047_adampur_653_jalandhar_Wheat	110083.5
X_1051_nakodar_657_jalandhar_Wheat	32059.5
X_1057_nakodar_657_jalandhar_Wheat	41318.5
X_1058_adampur_657_jalandhar_Wheat	29881.0
X_1058_adampur_694_phagwara_Wheat	11358.0
X_1059_adampur_653_jalandhar_Wheat	38666.0
X_1061_apra_675_kapurthala_Wheat	64969.5
X_1061_apra_706_sultanpurlodhi_Wheat	20500.0
X_1063_lohiankhass_701_sultanpurlodhi_Wheat	665.5
X_1064_nakodar_700_sultanpurlodhi_Wheat	2056.0
X_1065_goraya_667_kapurthala_Wheat	100000.0
X_1065_goraya_675_kapurthala_Wheat	125520.5
X_1065_goraya_686_phagwara_Wheat	10895.5
X_1066_jalandharcity_657_jalandhar_Wheat	76593.5
X_1069_lohiankhass_649_lohiankhas_Wheat	5500.0
X_1069_lohiankhass_650_lohiankhas_Wheat	4500.0
X_1069_lohiankhass_700_sultanpurlodhi_Wheat	47108.0
X_106_dhanaula_912_mansa_Wheat	33334.5
X_1072_lohiankhass_695_sultanpurlodhi_Wheat	11265.5
X_1072_lohiankhass_700_sultanpurlodhi_Wheat	6965.5
X_1073_kartarpur_651_jalandhar_Wheat	82215.0
X_1074_jalandharcity_672_kapurthala_Wheat	2761.0
X_1075_jalandharcity_672_kapurthala_Wheat	17461.0
X_1079_shahkot_700_sultanpurlodhi_Wheat	1000.0
X_107_dhanaula_912_mansa_Wheat	22553.5
X_1082_shahkot_639_shakot_Wheat	30000.0
X_1084_lohiankhass_648_lohiankhas_Wheat	9000.0
X_1084_lohiankhass_700_sultanpurlodhi_Wheat	29583.0
X_1086_shahkot_700_sultanpurlodhi_Wheat	12862.5
X_1091_lohiankhass_696_sultanpurlodhi_Wheat	36077.0
X_1095_lohiankhass_696_sultanpurlodhi_Wheat	547.5
X_1095_lohiankhass_701_sultanpurlodhi_Wheat	38298.5
X_1096_kartarpur_33_vallah_Wheat	36575.5
X_1096_kartarpur_657_jalandhar_Wheat	46224.5
X_10_amritsar_41_bhagtanwala_Wheat	60000.0
X_10_amritsar_42_bhagtanwala_Wheat	100000.0
X_10_amritsar_6_bhagtanwala_Wheat	70000.0
X_10_amritsar_7_bhagtanwala_Wheat	120000.0
X_10_amritsar_8_bhagtanwala_Wheat	35000.0
X_1104_jalandharcity_657_jalandhar_Wheat	225.0
X_1107_jalcantt_682_phagwara_Wheat	36161.5
X_1108_shahkot_700_sultanpurlodhi_Wheat	220.5
X_1111_jalcantt_682_phagwara_Wheat	20957.0
X_1113_jalandharcity_651_jalandhar_Wheat	1788.5
X_1114_jalcantt_675_kapurthala_Wheat	85530.0
X_1114_jalcantt_682_phagwara_Wheat	2601.5
X_1117_adampur_653_jalandhar_Wheat	18670.0
X_1118_shahkot_638_shakot_Wheat	19500.0
X_1120_nakodar_674_kapurthala_Wheat	585.0
X_1123_lohiankhass_695_sultanpurlodhi_Wheat	18234.5
X_1124_nakodar_674_kapurthala_Wheat	4209.5
X_1129_dhilwan_664_kapurthala_Wheat	25775.0
X_1129_dhilwan_665_kapurthala_Wheat	26780.0
X_1129_dhilwan_669_kapurthala_Wheat	9493.0
X_1137_dhilwan_669_kapurthala_Wheat	44507.0
X_1138_dhilwan_665_kapurthala_Wheat	25720.0
X_1138_dhilwan_666_kapurthala_Wheat	70000.0
X_1138_dhilwan_671_kapurthala_Wheat	50259.0
X_1138_dhilwan_672_kapurthala_Wheat	15209.0
X_1139_fattudhinga_529_shrihargobindpur_Wheat	10000.0
X_1139_fattudhinga_672_kapurthala_Wheat	1582.5
X_1139_fattudhinga_674_kapurthala_Wheat	90525.0
X_1139_fattudhinga_697_sultanpurlodhi_Wheat	20000.0
X_1139_fattudhinga_705_sultanpurlodhi_Wheat	912.0
X_1140_dhilwan_672_kapurthala_Wheat	48220.5
X_1140_dhilwan_673_kapurthala_Wheat	3480.0
X_1141_bhullath_676_nadala_Wheat	67071.0
X_1150_dhilwan_672_kapurthala_Wheat	42190.0
X_1153_bhullath_676_nadala_Wheat	47929.0
X_1161_dhilwan_671_kapurthala_Wheat	6741.0
X_1163_dhilwan_672_kapurthala_Wheat	824.0
X_1175_bhullath_33_vallah_Wheat	3108.5
X_1175_bhullath_651_jalandhar_Wheat	10296.5
X_1176_dhilwan_672_kapurthala_Wheat	17481.0
X_1185_fattudhinga_672_kapurthala_Wheat	60700.5
X_1187_doraha_799_ludhiana_Wheat	26487.5
X_1189_doraha_799_ludhiana_Wheat	91190.5
X_1190_payal_737_ludhianaeast_Wheat	33841.5
X_1190_payal_786_ludhianawest_Wheat	58823.0
X_1190_payal_799_ludhiana_Wheat	13972.0
X_1190_payal_801_ludhian_2_Wheat	27726.0
X_1198_kilaraipur_786_ludhianawest_Wheat	31177.0
X_11_amritsar_22_verka_Wheat	19258.5
X_11_amritsar_24_chhehrata_Wheat	52445.5
X_1204_machhiwara_727_samrala_Wheat	402.5
X_1204_machhiwara_774_samrala_Wheat	52500.0
X_1215_sahnewal_713_ludhianaeast_Wheat	34123.5
X_1215_sahnewal_799_ludhiana_Wheat	18350.0
X_1215_sahnewal_832_ludhiana_2_Wheat	12620.0
X_1227_punjab_792_hathur_Wheat	20230.0
X_1227_punjab_818_jagraon_Wheat	21712.0
X_1229_punjab_792_hathur_Wheat	9770.0
X_1229_punjab_793_hathur_Wheat	76010.0
X_1229_punjab_795_hathur_Wheat	20000.0
X_1229_punjab_816_jagraon_Wheat	31000.0
X_1229_punjab_817_jagraon_Wheat	35000.0
X_1231_punjab_794_hathur_Wheat	26000.0
X_1231_punjab_818_jagraon_Wheat	8249.0
X_1235_punjab_814_jagraon_Wheat	2108.0
X_1235_punjab_815_jagraon_Wheat	8867.0
X_1237_punjab_815_jagraon_Wheat	12175.0
X_1238_punjab_813_jagraon_Wheat	8370.0
X_1238_punjab_814_jagraon_Wheat	22133.0
X_1240_punjab_813_jagraon_Wheat	45115.0
X_1241_punjab_796_jagraon_Wheat	60000.0
X_1241_punjab_805_jagraon_Wheat	225000.0
X_1241_punjab_806_jagraon_Wheat	96767.0
X_1243_punjab_806_jagraon_Wheat	20045.0
X_1245_punjab_811_jagraon_Wheat	30000.0
X_1245_punjab_814_jagraon_Wheat	5759.0
X_1248_punjab_813_jagraon_Wheat	16515.0
X_1249_punjab_797_jagraon_Wheat	300000.0
X_1249_punjab_806_jagraon_Wheat	28188.0
X_1249_punjab_826_jagraon_Wheat	18000.0
X_1249_punjab_827_jagraon_Wheat	76187.0
X_1249_punjab_828_jagraon_Wheat	90000.0
X_1249_punjab_829_jagraon_Wheat	40000.0
X_1253_punjab_785_ludhianawest_Wheat	228.0
X_1253_punjab_801_ludhian_2_Wheat	41906.0
X_1253_punjab_812_jagraon_Wheat	26000.0
X_1253_punjab_830_ludhiana_1_Wheat	11485.0
X_1257_punjab_801_ludhian_2_Wheat	29732.0
X_1258_punjab_801_ludhian_2_Wheat	23965.0
X_1259_punjab_801_ludhian_2_Wheat	26671.0
X_1260_punjab_785_ludhianawest_Wheat	29544.0
X_1261_punjab_785_ludhianawest_Wheat	59460.0
X_1262_punjab_831_ludhiana_1_Wheat	19774.0
X_1265_punjab_785_ludhianawest_Wheat	30768.0
X_1266_punjab_802_mullanpur_Wheat	20000.0
X_1266_punjab_823_mullanpur_Wheat	17853.0
X_1268_punjab_824_mullanpur_Wheat	36510.0
X_1268_punjab_825_mullanpur_Wheat	36510.0
X_1268_punjab_831_ludhiana_1_Wheat	9805.0
X_1269_punjab_787_mullanpur_Wheat	97500.0
X_1269_punjab_803_mullanpur_Wheat	71990.0
X_1269_punjab_804_mullanpur_Wheat	100000.0
X_1269_punjab_822_mullanpur_Wheat	70900.0
X_1270_punjab_822_mullanpur_Wheat	1100.0
X_1270_punjab_823_mullanpur_Wheat	1457.0
X_1270_punjab_830_ludhiana_1_Wheat	41645.0
X_1271_punjab_831_ludhiana_1_Wheat	63795.0
X_1272_punjab_788_mullanpur_Wheat	20000.0
X_1272_punjab_803_mullanpur_Wheat	2087.0
X_1273_punjab_803_mullanpur_Wheat	5923.0
X_1273_punjab_831_ludhiana_1_Wheat	7816.0
X_1274_punjab_807_raikot_Wheat	26698.0
X_1275_punjab_781_raikot_Wheat	35989.0
X_1276_punjab_808_raikot_Wheat	47450.0
X_127_mehalkalan_834_raikot_Wheat	27420.0
X_1281_punjab_807_raikot_Wheat	20945.0
X_1284_punjab_780_raikot_Wheat	12000.0
X_1284_punjab_781_raikot_Wheat	6011.0
X_1284_punjab_782_raikot_Wheat	8000.0
X_1284_punjab_783_raikot_Wheat	20000.0
X_1284_punjab_784_raikot_Wheat	13892.0
X_1284_punjab_807_raikot_Wheat	22357.0
X_1284_punjab_808_raikot_Wheat	102550.0
X_1284_punjab_810_raikot_Wheat	5918.0
X_1284_punjab_819_raikot_Wheat	34670.0
X_1284_punjab_820_raikot_Wheat	35000.0
X_1284_punjab_821_raikot_Wheat	50000.0
X_1284_punjab_833_raikot_Wheat	30000.0
X_1285_punjab_784_raikot_Wheat	4108.0
X_1286_punjab_810_raikot_Wheat	54082.0
X_1291_punjab_815_jagraon_Wheat	13971.0
X_1291_punjab_827_jagraon_Wheat	24513.0
X_1294_punjab_815_jagraon_Wheat	24987.0
X_1392_budhlada_912_mansa_Wheat	45016.0
X_1402_budhlada_912_mansa_Wheat	52012.0
X_1408_budhlada_1253_dirba_Wheat	35660.5
X_1410_budhlada_1253_dirba_Wheat	14339.5
X_1422_budhlada_912_mansa_Wheat	42250.0
X_1424_bhikhi_912_mansa_Wheat	4.5
X_1482_baghapurana_1014_malout_Wheat	24710.0
X_1483_baghapurana_1014_malout_Wheat	46740.0
X_1485_baghapurana_132_ta_Wheat	1060.0
X_1485_baghapurana_544_qadian_Wheat	4398.5
X_1485_baghapurana_545_bhadarpurrajya_Wheat	2191.5
X_1485_baghapurana_550_fathegarhchurian_Wheat	17000.0
X_1485_baghapurana_556_ghuman_Wheat	7610.5
X_1485_baghapurana_567_fathegarhchurina_Wheat	22326.0
X_1485_baghapurana_568_rangarnagal_Wheat	8415.5
X_1485_baghapurana_843_malerkotla_Wheat	8671.5
X_1485_baghapurana_846_malerkotla_Wheat	11596.5
X_1487_baghapurana_1014_malout_Wheat	15590.0
X_1489_baghapurana_1014_malout_Wheat	41050.0
X_1493_baghapurana_1039_muktsar_Wheat	60057.5
X_1493_baghapurana_542_gurdaspur_Wheat	16037.0
X_1493_baghapurana_565_batala_Wheat	5747.5
X_1493_baghapurana_567_fathegarhchurina_Wheat	6828.0
X_1495_baghapurana_1021_muktsar_Wheat	3785.0
X_1495_baghapurana_487_talwandibhai_Wheat	51742.0
X_1495_baghapurana_528_qadian_Wheat	20000.0
X_1496_baghapurana_544_qadian_Wheat	10601.5
X_1496_baghapurana_547_kotsantokrai_Wheat	24238.5
X_1501_baghapurana_1014_malout_Wheat	29430.0
X_1503_baghapurana_1028_muktsar_Wheat	82920.0
X_1503_baghapurana_558_batala_Wheat	7000.0
X_1503_baghapurana_565_batala_Wheat	40220.0
X_1505_baghapurana_543_dhariwal_Wheat	9554.0
X_1505_baghapurana_549_batala_Wheat	14002.5
X_1505_baghapurana_553_panjgariyan_chone_Wheat	12892.0
X_1505_baghapurana_560_batala_Wheat	16921.0
X_1505_baghapurana_566_batala_Wheat	16960.5
X_1506_baghapurana_1014_malout_Wheat	26910.0
X_1510_baghapurana_1014_malout_Wheat	22450.0
X_1528_kotisekhan_458_guruharsahai_Wheat	41760.0
X_1531_kotisekhan_475_makhu_Wheat	156660.0
X_1534_kotisekhan_475_makhu_Wheat	13852.5
X_1535_kotisekhan_458_guruharsahai_Wheat	20140.0
X_1535_kotisekhan_475_makhu_Wheat	19680.0
X_1536_dharamkot_503_zira_Wheat	18390.0
X_1537_kotisekhan_458_guruharsahai_Wheat	4800.0
X_1537_kotisekhan_503_zira_Wheat	12910.0
X_1543_kotisekhan_458_guruharsahai_Wheat	29300.0
X_1549_moga_489_talwandibhai_Wheat	28310.0
X_1550_moga_487_talwandibhai_Wheat	22950.0
X_1553_moga_487_talwandibhai_Wheat	60520.0
X_1559_moga_487_talwandibhai_Wheat	3138.0
X_1559_moga_489_talwandibhai_Wheat	6012.0
X_1562_moga_487_talwandibhai_Wheat	33620.0
X_1563_moga_489_talwandibhai_Wheat	16330.0
X_1566_nihalsinghwala_969_nihalsinghwla_Wheat	1735.0
X_1569_nihalsinghwala_1007_nihalsinghwla_Wheat	4130.0
X_1569_nihalsinghwala_968_nihalsinghwla_Wheat	9245.0
X_1569_nihalsinghwala_969_nihalsinghwla_Wheat	3265.0
X_1569_nihalsinghwala_991_nihalsinghwla_Wheat	4300.0
X_1570_nihalsinghwala_1006_nihalsinghwla_Wheat	77490.0
X_1570_nihalsinghwala_1007_nihalsinghwla_Wheat	95870.0
X_1570_nihalsinghwala_1008_nihalsinghwla_Wheat	9240.0
X_1570_nihalsinghwala_967_nihalsinghwla_Wheat	22500.0
X_1571_nihalsinghwala_1008_nihalsinghwla_Wheat	29510.0
X_1579_srimuktsarsahib_1053_malout_Wheat	91075.0
X_157_bhchuo_135_bhucho_Wheat	2400.5
X_157_bhchuo_137_bhucho_Wheat	11759.5
X_1584_srimuktsarsahib_843_malerkotla_Wheat	4396.0
X_1585_srimuktsarsahib_1014_malout_Wheat	161154.0
X_1587_srimuktsarsahib_548_chone_udhanwal_Wheat	16080.5
X_1587_srimuktsarsahib_566_batala_Wheat	33039.5
X_1589_srimuktsarsahib_846_malerkotla_Wheat	3893.0
X_158_bhchuo_144_bhucho_Wheat	35610.0
X_1590_srimuktsarsahib_1014_malout_Wheat	102978.0
X_1592_srimuktsarsahib_1014_malout_Wheat	112028.0
X_1593_srimuktsarsahib_553_panjgariyan_chone_Wheat	57113.0
X_1594_srimuktsarsahib_1014_malout_Wheat	45666.0
X_1596_srimuktsarsahib_1030_muktsar_Wheat	38360.0
X_1596_srimuktsarsahib_546_kalagoraya_Wheat	26666.0
X_1596_srimuktsarsahib_555_batala_Wheat	35000.0
X_1599_srimuktsarsahib_541_gurdaspur_ghotbhattion_Wheat	40854.0
X_159_bhchuo_133_bhucho_Wheat	19000.0
X_159_bhchuo_134_bhucho_Wheat	60000.0
X_159_bhchuo_140_bhucho_Wheat	20000.0
X_159_bhchuo_146_bhucho_Wheat	46030.0
X_159_bhchuo_150_bhucho_Wheat	120.0
X_1602_bariwala_565_batala_Wheat	39468.0
X_1603_srimuktsarsahib_1014_malout_Wheat	61887.5
X_1603_srimuktsarsahib_407_abohar_Wheat	15621.0
X_1603_srimuktsarsahib_416_fazilka_Wheat	5141.5
X_1605_srimuktsarsahib_546_kalagoraya_Wheat	23628.0
X_1605_srimuktsarsahib_560_batala_Wheat	33079.0
X_1606_srimuktsarsahib_1014_malout_Wheat	73029.0
X_1608_srimuktsarsahib_1014_malout_Wheat	11277.0
X_160_bhchuo_135_bhucho_Wheat	19774.5
X_160_bhchuo_146_bhucho_Wheat	8615.5
X_1611_bariwala_1053_malout_Wheat	49242.0
X_1613_bariwala_1053_malout_Wheat	45324.0
X_1614_bariwala_541_gurdaspur_ghotbhattion_Wheat	31871.5
X_1614_bariwala_545_bhadarpurrajya_Wheat	22808.5
X_1615_bariwala_548_chone_udhanwal_Wheat	22269.0
X_1616_bariwala_1053_malout_Wheat	14359.0
X_1616_bariwala_552_rudhiana_khushalpur_Wheat	36000.0
X_1616_bariwala_559_batala_Wheat	35000.0
X_1616_bariwala_561_saroopwali_Wheat	13952.5
X_1616_bariwala_565_batala_Wheat	14564.5
X_1617_bariwala_542_gurdaspur_Wheat	15795.0
X_1617_bariwala_557_gurdaspur_Wheat	30000.0
X_1618_bariwala_540_behrampur_marara_Wheat	16793.0
X_1618_bariwala_542_gurdaspur_Wheat	23168.0
X_161_bhchuo_141_bhucho_Wheat	3560.0
X_161_bhchuo_144_bhucho_Wheat	36920.0
X_1620_bariwala_567_fathegarhchurina_Wheat	21916.0
X_1621_bariwala_1014_malout_Wheat	12505.0
X_1622_bariwala_1021_muktsar_Wheat	22605.0
X_1623_bariwala_1021_muktsar_Wheat	26275.5
X_1623_bariwala_549_batala_Wheat	2006.5
X_1624_gidderbaha_1014_malout_Wheat	100597.0
X_1625_gidderbaha_1014_malout_Wheat	127539.0
X_1626_gidderbaha_1014_malout_Wheat	39566.0
X_1627_gidderbaha_1014_malout_Wheat	19361.0
X_1628_gidderbaha_1014_malout_Wheat	44261.0
X_1629_gidderbaha_1014_malout_Wheat	64724.0
X_162_bhchuo_147_bhucho_Wheat	63962.0
X_1630_gidderbaha_1014_malout_Wheat	64376.0
X_1631_gidderbaha_1014_malout_Wheat	52028.0
X_1632_gidderbaha_1014_malout_Wheat	16730.0
X_1633_gidderbaha_1017_giddharbaha_Wheat	128405.0
X_1633_gidderbaha_1035_giddharbaha_Wheat	83080.0
X_1633_gidderbaha_1037_giddharbaha_Wheat	2700.0
X_1633_gidderbaha_1042_giddharbaha_Wheat	6750.0
X_1634_gidderbaha_1014_malout_Wheat	42332.0
X_1635_gidderbaha_1014_malout_Wheat	66004.0
X_1636_gidderbaha_1014_malout_Wheat	76882.0
X_1637_gidderbaha_1014_malout_Wheat	81534.0
X_1638_gidderbaha_1014_malout_Wheat	52729.0
X_1639_gidderbaha_1014_malout_Wheat	100803.0
X_163_bhchuo_151_bhucho_Wheat	19220.0
X_1641_gidderbaha_1014_malout_Wheat	58286.0
X_1642_gidderbaha_1014_malout_Wheat	91341.0
X_1642_gidderbaha_1055_giddharbaha_Wheat	18900.0
X_1643_gidderbaha_1048_giddharbaha_Wheat	30495.0
X_1644_gidderbaha_1014_malout_Wheat	59889.0
X_1645_gidderbaha_1014_malout_Wheat	57704.0
X_1646_gidderbaha_1014_malout_Wheat	26373.0
X_1647_gidderbaha_1014_malout_Wheat	30391.0
X_1648_gidderbaha_1014_malout_Wheat	26890.0
X_164_bhchuo_1046_giddharbaha_Wheat	1075.5
X_164_bhchuo_142_bhucho_Wheat	28254.5
X_164_bhchuo_148_bhucho_Wheat	3140.0
X_165_bhchuo_1046_giddharbaha_Wheat	38200.0
X_166_bhchuo_146_bhucho_Wheat	18140.0
X_1674_lambi_1014_malout_Wheat	24801.0
X_1675_lambi_1014_malout_Wheat	70326.0
X_1676_lambi_1014_malout_Wheat	61288.0
X_1677_lambi_1014_malout_Wheat	39317.0
X_1679_lambi_1014_malout_Wheat	27026.0
X_167_bhchuo_1017_giddharbaha_Wheat	20680.0
X_1680_lambi_1014_malout_Wheat	72976.0
X_1681_lambi_1014_malout_Wheat	36541.0
X_1682_lambi_1014_malout_Wheat	5589.0
X_1683_lambi_1014_malout_Wheat	58517.0
X_1684_lambi_1014_malout_Wheat	32046.0
X_1685_lambi_1014_malout_Wheat	39138.0
X_1686_lambi_1014_malout_Wheat	18557.0
X_1687_lambi_1014_malout_Wheat	5120.0
X_1689_lambi_1014_malout_Wheat	286850.0
X_168_bhchuo_1017_giddharbaha_Wheat	50915.0
X_168_bhchuo_1038_giddharbaha_Wheat	9505.0
X_1692_lambi_1014_malout_Wheat	38808.0
X_1694_lambi_1014_malout_Wheat	126592.0
X_1695_lambi_1014_malout_Wheat	77774.0
X_1696_lambi_1014_malout_Wheat	77529.0
X_1697_lambi_1014_malout_Wheat	44290.0
X_169_bhchuo_146_bhucho_Wheat	17520.0
X_1700_sujanpur_571_dhariwal_Wheat	10800.0
X_170_bhchuo_144_bhucho_Wheat	17470.0
X_170_bhchuo_146_bhucho_Wheat	16360.0
X_171_bhchuo_143_bhucho_Wheat	69601.5
X_171_bhchuo_146_bhucho_Wheat	56138.5
X_1722_ghanaur_1081_ghanour_Wheat	181950.0
X_1722_ghanaur_1136_nabha_Wheat	2500.0
X_1722_ghanaur_1137_nabha_Wheat	7300.0
X_1722_ghanaur_1138_nabha_Wheat	950.0
X_1724_ghanaur_1123_pataial_Wheat	32893.55
X_1726_ghanaur_1081_ghanour_Wheat	26590.0
X_1727_ghanaur_1081_ghanour_Wheat	62000.0
X_1729_ghanaur_1081_ghanour_Wheat	48800.0
X_172_bhchuo_149_bhucho_Wheat	30000.0
X_172_bhchuo_150_bhucho_Wheat	34880.0
X_172_bhchuo_151_bhucho_Wheat	15780.0
X_172_bhchuo_152_bhucho_Wheat	2000.0
X_1730_ghanaur_1081_ghanour_Wheat	25200.0
X_1737_devigarh_1123_pataial_Wheat	26263.0
X_173_bhchuo_141_bhucho_Wheat	7370.0
X_173_bhchuo_147_bhucho_Wheat	19700.0
X_1748_bhadson_1100_nabha_Wheat	67017.4
X_1748_bhadson_1103_nabha_Wheat	80521.55
X_1748_bhadson_1104_nabha_Wheat	49500.0
X_1748_bhadson_1159_nabha_Wheat	1181.0
X_174_bhchuo_1046_giddharbaha_Wheat	37470.0
X_175_bhchuo_136_bhucho_Wheat	70800.0
X_176_bhchuo_136_bhucho_Wheat	2091.5
X_176_bhchuo_143_bhucho_Wheat	28398.5
X_176_bhchuo_145_bhucho_Wheat	35000.0
X_1770_samana_1204_bhawanigarh_Wheat	18573.5
X_177_bhchuo_136_bhucho_Wheat	11048.5
X_177_bhchuo_142_bhucho_Wheat	22371.5
X_1783_patiala_1123_pataial_Wheat	29540.5
X_1783_patiala_1148_dakala_Wheat	30459.5
X_178_bhchuo_148_bhucho_Wheat	36860.0
X_179_bhchuo_1046_giddharbaha_Wheat	30650.0
X_180_bhchuo_1014_malout_Wheat	34743.0
X_180_bhchuo_1048_giddharbaha_Wheat	20535.0
X_1812_sanour_1148_dakala_Wheat	104391.5
X_1815_samana_1101_nabha_Wheat	51827.0
X_1815_samana_1159_nabha_Wheat	2018.0
X_1819_patran_1086_ghagga_Wheat	165.45
X_181_bhchuo_1014_malout_Wheat	8833.0
X_182_bhchuo_142_bhucho_Wheat	3865.0
X_1833_rajpura_1081_ghanour_Wheat	36150.0
X_1834_rajpura_1081_ghanour_Wheat	68880.0
X_1835_rajpura_1081_ghanour_Wheat	25460.0
X_1836_rajpura_1081_ghanour_Wheat	22090.0
X_1837_patiala1_1148_dakala_Wheat	12149.0
X_1838_patiala1_1122_pataial_Wheat	4521.0
X_1839_patiala3_1123_pataial_Wheat	5434.0
X_183_bhchuo_142_bhucho_Wheat	4839.0
X_1840_patiala3_1123_pataial_Wheat	2395.0
X_1841_patiala3_1123_pataial_Wheat	12865.0
X_1842_patiala3_1122_pataial_Wheat	5217.05
X_1842_patiala3_1123_pataial_Wheat	608.95
X_1844_samana_1101_nabha_Wheat	5173.0
X_184_bhchuo_1014_malout_Wheat	6125.0
X_1855_rajpura_1081_ghanour_Wheat	4880.0
X_1858_rupnagar_1184_ropar_Wheat	6250.0
X_1859_rupnagar_1166_ropar_Wheat	11500.0
X_185_bhchuo_142_bhucho_Wheat	7601.0
X_1860_rupnagar_1177_ropar_Wheat	27640.0
X_1861_rupnagar_1165_ropar_Wheat	11500.0
X_1861_rupnagar_1177_ropar_Wheat	25460.0
X_1862_rupnagar_1184_ropar_Wheat	76990.0
X_1864_chamkaursahib_1164_ropar_Wheat	7580.0
X_1864_chamkaursahib_1171_srichamkaursahib_Wheat	13700.0
X_1865_chamkaursahib_1169_srichamkaursahib_Wheat	40000.0
X_1865_chamkaursahib_1170_srichamkaursahib_Wheat	18000.0
X_186_bhchuo_142_bhucho_Wheat	5626.0
X_1871_morinda_1164_ropar_Wheat	12420.0
X_1873_srianandpursahib_1185_anandpursahib_Wheat	300.0
X_1875_nurpurbedi_1185_anandpursahib_Wheat	44700.0
X_187_bhchuo_142_bhucho_Wheat	4081.0
X_188_bhchuo_142_bhucho_Wheat	3362.0
X_189_bhchuo_147_bhucho_Wheat	4338.0
X_18_attari_25_chhehrata_Wheat	6721.0
X_18_attari_26_chhehrata_Wheat	80000.0
X_190_bhchuo_141_bhucho_Wheat	1070.0
X_190_bhchuo_153_bhucho_Wheat	2200.0
X_190_bhchuo_154_bhucho_Wheat	2200.0
X_1910_dhuri_1102_nabha_Wheat	52400.0
X_191_bhchuo_136_bhucho_Wheat	10140.0
X_1921_dhuri_1102_nabha_Wheat	3261.0
X_1921_dhuri_1159_nabha_Wheat	41938.0
X_1928_dhuri_1102_nabha_Wheat	14227.0
X_1959_khanouri_1260_dirba_Wheat	42951.0
X_2006_sangrur_1204_bhawanigarh_Wheat	25678.5
X_2012_sangrur_1204_bhawanigarh_Wheat	71337.5
X_2027_sunam_1212_cheema_Wheat	4500.0
X_2035_sunam_1213_cheema_Wheat	4500.0
X_203_bathinda_1014_malout_Wheat	21790.5
X_203_bathinda_1038_giddharbaha_Wheat	33529.5
X_2040_sunam_1281_longowal_Wheat	16000.0
X_2040_sunam_1282_longowal_Wheat	4000.0
X_2048_sunam_1283_longowal_Wheat	5000.0
X_2049_sunam_1214_cheema_Wheat	12000.0
X_2069_lalru_1401_derabassi_Wheat	21060.0
X_2089_banga_684_phagwara_Wheat	29330.0
X_2090_banga_692_phagwara_Wheat	5540.0
X_2096_balachaur_1184_ropar_Wheat	3740.0
X_209_bathinda_1048_giddharbaha_Wheat	48970.0
X_2102_banga_684_phagwara_Wheat	9080.0
X_2103_banga_678_phagwara_Wheat	3780.0
X_2104_banga_692_phagwara_Wheat	20720.0
X_210_bathinda_1035_giddharbaha_Wheat	11920.0
X_2112_banga_684_phagwara_Wheat	6590.0
X_2112_banga_692_phagwara_Wheat	43210.0
X_2119_banga_678_phagwara_Wheat	1094.5
X_2119_banga_692_phagwara_Wheat	10530.0
X_2119_banga_694_phagwara_Wheat	25461.0
X_211_bathinda_1044_giddharbaha_Wheat	26190.0
X_2123_balachaur_1177_ropar_Wheat	44900.0
X_2123_balachaur_1184_ropar_Wheat	1720.0
X_2139_naushehrapannuan_40_vallah_Wheat	91350.0
X_2146_harike_475_makhu_Wheat	83758.0
X_2146_harike_476_makhu_Wheat	140642.5
X_2146_harike_508_makhu_Wheat	87029.5
X_214_bathinda_1014_malout_Wheat	65120.0
X_2151_tarntaran_40_vallah_Wheat	33650.0
X_2153_bhikhiwind_10_chhehrata_Wheat	60000.0
X_2153_bhikhiwind_4_verka_Wheat	150000.0
X_2153_bhikhiwind_9_bhagtanwala_Wheat	35000.0
X_215_sangat_1014_malout_Wheat	23230.0
X_2172_khemkaran_445_ferozepurcity_Wheat	7798.5
X_21_attari_24_chhehrata_Wheat	7554.5
X_21_attari_25_chhehrata_Wheat	73279.0
X_220_sangat_1014_malout_Wheat	40690.0
X_222_sangat_1014_malout_Wheat	30700.0
X_223_sangat_1014_malout_Wheat	29180.0
X_224_raman_1014_malout_Wheat	38270.0
X_225_sangat_1014_malout_Wheat	52780.0
X_226_sangat_1014_malout_Wheat	186560.0
X_228_sangat_146_bhucho_Wheat	4376.0
X_228_sangat_913_mansa_Wheat	32139.5
X_24_chogawan_456_ferozepurcity_Wheat	20000.0
X_266_bhagta_1014_malout_Wheat	36450.0
X_271_bhagta_1014_malout_Wheat	49560.0
X_272_goniana_1014_malout_Wheat	7500.0
X_28_chogawan_22_verka_Wheat	107242.5
X_290_goniana_1016_giddharbaha_Wheat	20810.0
X_290_goniana_1046_giddharbaha_Wheat	25400.0
X_291_goniana_1014_malout_Wheat	24920.0
X_297_goniana_1038_giddharbaha_Wheat	6965.5
X_297_goniana_1044_giddharbaha_Wheat	9810.0
X_297_goniana_1046_giddharbaha_Wheat	17204.5
X_304_talwandisabo_1045_giddharbaha_Wheat	7410.0
X_31_chogawan_22_verka_Wheat	3499.0
X_349_rampuraphul_199_rampura_Wheat	18360.5
X_355_bhairupa_199_rampura_Wheat	15660.0
X_357_rampuraphul_139_bhucho_Wheat	11270.5
X_357_rampuraphul_199_rampura_Wheat	8889.5
X_36_jandiala_685_phagwara_Wheat	50000.0
X_377_rampuraphul_137_bhucho_Wheat	28240.5
X_377_rampuraphul_138_bhucho_Wheat	25000.0
X_377_rampuraphul_139_bhucho_Wheat	8729.5
X_386_faridkot_567_fathegarhchurina_Wheat	48930.0
X_390_faridkot_541_gurdaspur_ghotbhattion_Wheat	62190.0
X_39_jandiala_32_chhehrata_Wheat	59553.0
X_400_faridkot_564_kalanaur_Wheat	63650.0
X_400_faridkot_843_malerkotla_Wheat	57650.0
X_401_faridkot_843_malerkotla_Wheat	2810.0
X_403_faridkot_568_rangarnagal_Wheat	69820.0
X_407_faridkot_846_malerkotla_Wheat	22010.0
X_408_faridkot_843_malerkotla_Wheat	13220.0
X_414_faridkot_1030_muktsar_Wheat	36640.0
X_421_kotkapura_1014_malout_Wheat	26450.0
X_423_kotkapura_1021_muktsar_Wheat	15700.0
X_424_kotkapura_1028_muktsar_Wheat	19540.0
X_425_kotkapura_1021_muktsar_Wheat	24760.0
X_427_kotkapura_1014_malout_Wheat	17660.0
X_429_kotkapura_1039_muktsar_Wheat	14942.5
X_435_kotkapura_1028_muktsar_Wheat	28040.0
X_442_jaitu_1014_malout_Wheat	7880.0
X_443_jaitu_1014_malout_Wheat	25240.0
X_448_jaitu_1014_malout_Wheat	18000.0
X_450_jaitu_1014_malout_Wheat	29560.0
X_455_jaitu_1014_malout_Wheat	63220.0
X_457_jaitu_1014_malout_Wheat	36581.0
X_460_sirhind_1121_pataial_Wheat	16222.55
X_460_sirhind_1122_pataial_Wheat	15261.95
X_462_khamano_771_samrala_Wheat	14792.0
X_463_khera_bhagrana_340_bhagrana_khera_Wheat	1059.0
X_464_khera_bhagrana_341_bhagrana_khera_Wheat	27112.0
X_467_amloh_770_khanna_Wheat	543.0
X_477_amloh_770_khanna_Wheat	4310.0
X_480_sirhind_771_samrala_Wheat	15208.0
X_483_sirhind_1121_pataial_Wheat	25999.5
X_486_sirhind_338_bhagrana_khera_Wheat	10000.0
X_486_sirhind_339_bhagrana_khera_Wheat	10000.0
X_495_charnarthal_379_chanarthal_Wheat	14525.0
X_495_charnarthal_380_chanarthal_Wheat	3809.0
X_496_sirhind_1121_pataial_Wheat	7777.95
X_49_mehta_32_chhehrata_Wheat	5447.0
X_654_ferozepurcantt_1021_muktsar_Wheat	7414.0
X_654_ferozepurcantt_554_chone_Wheat	50000.0
X_655_ferozepurcantt_445_ferozepurcity_Wheat	8000.0
X_659_ferozepurcantt_843_malerkotla_Wheat	21062.5
X_665_ferozepurcantt_1021_muktsar_Wheat	32008.5
X_665_ferozepurcantt_1025_malout_Wheat	18928.0
X_667_ferozepurcantt_1025_malout_Wheat	12518.0
X_667_ferozepurcantt_540_behrampur_marara_Wheat	9307.0
X_667_ferozepurcantt_551_ghuman_shrihargobindpur_Wheat	2503.0
X_670_ferozepurcantt_487_talwandibhai_Wheat	1860.0
X_679_ferozepurcantt_561_saroopwali_Wheat	36047.5
X_747_mallanwala_487_talwandibhai_Wheat	26997.0
X_749_mallanwala_491_talwandibhai_Wheat	37249.5
X_750_mallanwala_445_ferozepurcity_Wheat	33569.5
X_751_mallanwala_445_ferozepurcity_Wheat	50306.5
X_751_mallanwala_491_talwandibhai_Wheat	10225.5
X_752_mallanwala_487_talwandibhai_Wheat	37362.5
X_753_mallanwala_makhu_475_makhu_Wheat	98000.0
X_754_mallanwala_talwandibhai_487_talwandibhai_Wheat	46116.0
X_763_mallanwala_475_makhu_Wheat	3146.0
X_766_mamdot_551_ghuman_shrihargobindpur_Wheat	44008.0
X_767_mamdot_846_malerkotla_Wheat	3532.0
X_768_mamdot_1178_ropar_Wheat	14884.5
X_769_mamdot_1178_ropar_Wheat	24465.5
X_769_mamdot_457_guruharsahai_Wheat	21626.5
X_769_mamdot_551_ghuman_shrihargobindpur_Wheat	14219.0
X_771_mamdot_846_malerkotla_Wheat	4026.5
X_773_mamdot_1021_muktsar_Wheat	17452.0
X_773_mamdot_562_qadian_Wheat	50000.0
X_773_mamdot_563_qadian_Wheat	19431.0
X_776_mamdot_846_malerkotla_Wheat	5822.0
X_777_mamdot_434_jalalabad_Wheat	12512.5
X_777_mamdot_563_qadian_Wheat	30569.0
X_779_mamdot_846_malerkotla_Wheat	5310.0
X_870_punjab_569_kalanaur_Wheat	6887.0
X_870_punjab_570_dostpur_Wheat	520.0
X_872_punjab_509_bataal_Wheat	58121.0
X_872_punjab_519_varsola,alinagalsidhawn,_Wheat	108000.0
X_872_punjab_533_batala_1_Wheat	27000.0
X_872_punjab_534_kalanaur_Wheat	112500.0
X_872_punjab_535_batala_Wheat	31500.0
X_872_punjab_536_batala_2_Wheat	46500.0
X_872_punjab_573_fathegarhchurain_Wheat	11942.0
X_872_punjab_574_batala_Wheat	16200.0
X_875_punjab_598_hoshiarpur_1_Wheat	4356.0
X_875_punjab_601_talwara_Wheat	11190.0
X_875_punjab_610_hoshiarpur_1_Wheat	10247.0
X_879_punjab_524_bhinimiankhan_Wheat	45000.0
X_879_punjab_576_bhadarpurrajoya_Wheat	5335.0
X_883_punjab_520_sidhwan_Wheat	27129.0
X_884_punjab_510_derababananak_Wheat	40000.0
X_884_punjab_511_sehjada_Wheat	50000.0
X_884_punjab_513_singhpura_Wheat	40000.0
X_887_punjab_514_bangowanikunjar_Wheat	10000.0
X_887_punjab_515_dhariwal_Wheat	50000.0
X_887_punjab_516_dhariwal_Wheat	20000.0
X_887_punjab_537_sohal_Wheat	83855.0
X_887_punjab_575_tugalwal_Wheat	41378.0
X_889_punjab_517_dinnanagar_mamichkranga_Wheat	55000.0
X_889_punjab_538_dinanagar_Wheat	5400.0
X_889_punjab_572_marara_behrampur_Wheat	4414.0
X_895_punjab_521_shala,sidhwan_Wheat	31275.0
X_895_punjab_522_kalanauar_Wheat	26227.0
X_897_punjab_523_gurdaspur_Wheat	34747.0
X_901_punjab_537_sohal_Wheat	21578.0
X_902_punjab_523_gurdaspur_Wheat	100133.0
X_902_punjab_532_bakshwal_Wheat	100000.0
X_906_punjab_521_shala,sidhwan_Wheat	17829.0
X_909_punjab_525_kahnuwan_Wheat	16000.0
X_909_punjab_526_kahnuwan_Wheat	20000.0
X_912_punjab_522_kalanauar_Wheat	16421.0
X_914_punjab_520_sidhwan_Wheat	22871.0
X_920_punjab_539_qadian_Wheat	50488.0
X_921_punjab_539_qadian_Wheat	26010.0
X_921_punjab_576_bhadarpurrajoya_Wheat	11415.0
X_923_punjab_537_sohal_Wheat	31163.0
X_925_punjab_521_shala,sidhwan_Wheat	896.0
X_925_punjab_537_sohal_Wheat	35653.0
X_928_punjab_530_shrihargobindpur_Wheat	621.0
X_928_punjab_531_shrihargobindpur_Wheat	16000.0
X_935_punjab_523_gurdaspur_Wheat	15120.0
X_936_punjab_527_qadian_kahlwan_Wheat	50000.0
X_936_punjab_539_qadian_Wheat	63002.0
X_941_punjab_509_bataal_Wheat	21379.0
X_944_punjab_512_talwandirama_Wheat	22900.0
X_946_punjab_530_shrihargobindpur_Wheat	8379.0
X_949_punjab_537_sohal_Wheat	30251.0
X_950_punjab_512_talwandirama_Wheat	67579.0
X_952_punjab_576_bhadarpurrajoya_Wheat	1750.0
X_954_punjab_512_talwandirama_Wheat	9521.0
X_956_punjab_518_gajnipur_jaurachitran_Wheat	35000.0
X_956_punjab_522_kalanauar_Wheat	7352.0
X_994_tanda_607_hoshiarpur_1_Wheat	40000.0
X_994_tanda_610_hoshiarpur_1_Wheat	29753.0
